{"builds": [11.825568675994873], "avg_time": 11.825568675994873}